"date","average_price","percentage_available","year","weekday","day_of_week","monthf","yearmonth","week","week_of_month"
2022-09-09,202.959388677621,22.895888641745,2022,5,"Fri","Sep","Sep 2022",36,1
2022-09-10,191.159247438266,10.4709110252534,2022,6,"Sat","Sep","Sep 2022",36,1
2022-09-11,172.840348330914,21.6367087194373,2022,0,"Sun","Sep","Sep 2022",36,1
2022-09-12,169.953515625,27.7287946428571,2022,1,"Mon","Sep","Sep 2022",37,2
2022-09-13,170.1296875,29.4921875,2022,2,"Tue","Sep","Sep 2022",37,2
2022-09-14,171.013171112847,29.026677084496,2022,3,"Wed","Sep","Sep 2022",37,2
2022-09-15,173.517536021445,25.7846531888752,2022,4,"Thu","Sep","Sep 2022",37,2
2022-09-16,193.499440340273,21.3678083725095,2022,5,"Fri","Sep","Sep 2022",37,2
2022-09-17,196.175982508269,20.5247519201659,2022,6,"Sat","Sep","Sep 2022",37,2
2022-09-18,177.567295878477,27.4042220484754,2022,0,"Sun","Sep","Sep 2022",37,2
2022-09-19,174.081560877575,30.642550103277,2022,1,"Mon","Sep","Sep 2022",38,3
2022-09-20,174.127163112649,30.9255331026013,2022,2,"Tue","Sep","Sep 2022",38,3
2022-09-21,175.218170649989,28.8641947732857,2022,3,"Wed","Sep","Sep 2022",38,3
2022-09-22,183.982947556748,23.839874762384,2022,4,"Thu","Sep","Sep 2022",38,3
2022-09-23,207.101436215151,18.6933258237116,2022,5,"Fri","Sep","Sep 2022",38,3
2022-09-24,207.409655561829,18.8876341050254,2022,6,"Sat","Sep","Sep 2022",38,3
2022-09-25,186.861877834388,25.4856950898606,2022,0,"Sun","Sep","Sep 2022",38,3
2022-09-26,179.110800848877,29.029375628281,2022,1,"Mon","Sep","Sep 2022",39,4
2022-09-27,177.800078181717,30.3289216507511,2022,2,"Tue","Sep","Sep 2022",39,4
2022-09-28,178.413823907096,29.7582491206521,2022,3,"Wed","Sep","Sep 2022",39,4
2022-09-29,180.776636140273,27.9763234308689,2022,4,"Thu","Sep","Sep 2022",39,4
2022-09-30,199.322824928479,24.1768104560498,2022,5,"Fri","Sep","Sep 2022",39,4
2022-10-01,201.334008211012,23.570102918846,2022,6,"Sat","Oct","Oct 2022",39,1
2022-10-02,184.336667411712,28.7717925793473,2022,0,"Sun","Oct","Oct 2022",39,1
2022-10-03,177.467898615453,34.1837874050916,2022,1,"Mon","Oct","Oct 2022",40,2
2022-10-04,177.039859320047,35.945961033886,2022,2,"Tue","Oct","Oct 2022",40,2
2022-10-05,177.35566348462,35.0415899067716,2022,3,"Wed","Oct","Oct 2022",40,2
2022-10-06,180.603374113178,30.6295737668287,2022,4,"Thu","Oct","Oct 2022",40,2
2022-10-07,197.206545577237,27.0932913456672,2022,5,"Fri","Oct","Oct 2022",40,2
2022-10-08,198.442086897794,26.8009905447996,2022,6,"Sat","Oct","Oct 2022",40,2
2022-10-09,180.359910414334,32.1388577827548,2022,0,"Sun","Oct","Oct 2022",40,2
2022-10-10,176.425667374065,37.529319781079,2022,1,"Mon","Oct","Oct 2022",41,3
2022-10-11,176.022609278178,38.7483950203763,2022,2,"Tue","Oct","Oct 2022",41,3
2022-10-12,176.087640951211,38.7741431282796,2022,3,"Wed","Oct","Oct 2022",41,3
2022-10-13,178.418801987383,37.0568860604031,2022,4,"Thu","Oct","Oct 2022",41,3
2022-10-14,196.773999887785,33.883184649049,2022,5,"Fri","Oct","Oct 2022",41,3
2022-10-15,198.115274422785,32.8801752710522,2022,6,"Sat","Oct","Oct 2022",41,3
2022-10-16,180.373147682156,37.1414192249623,2022,0,"Sun","Oct","Oct 2022",41,3
2022-10-17,177.634068695895,40.1117006422787,2022,1,"Mon","Oct","Oct 2022",42,4
2022-10-18,177.340555028198,40.582947121559,2022,2,"Tue","Oct","Oct 2022",42,4
2022-10-19,177.683475735746,39.593455073435,2022,3,"Wed","Oct","Oct 2022",42,4
2022-10-20,180.932398458014,36.2087267445109,2022,4,"Thu","Oct","Oct 2022",42,4
2022-10-21,200.223042669523,30.1843188095372,2022,5,"Fri","Oct","Oct 2022",42,4
2022-10-22,203.048828676263,27.7392040643522,2022,6,"Sat","Oct","Oct 2022",42,4
2022-10-23,185.902604312517,33.3744049285914,2022,0,"Sun","Oct","Oct 2022",42,4
2022-10-24,179.221080265877,39.1610344634977,2022,1,"Mon","Oct","Oct 2022",43,5
2022-10-25,178.657399653883,40.7692737118294,2022,2,"Tue","Oct","Oct 2022",43,5
2022-10-26,179.174260189838,40.6756002233389,2022,3,"Wed","Oct","Oct 2022",43,5
2022-10-27,180.619986593677,38.8057200312814,2022,4,"Thu","Oct","Oct 2022",43,5
2022-10-28,203.485403516682,34.1354824165915,2022,5,"Fri","Oct","Oct 2022",43,5
2022-10-29,204.895167663995,32.9908546912047,2022,6,"Sat","Oct","Oct 2022",43,5
2022-10-30,191.42250756981,36.0659414601323,2022,0,"Sun","Oct","Oct 2022",43,5
2022-10-31,192.023151521946,38.3709849206794,2022,1,"Mon","Oct","Oct 2022",44,6
2022-11-01,190.694572165527,39.2116182572614,2022,2,"Tue","Nov","Nov 2022",44,1
2022-11-02,184.528631402183,40.5037783375315,2022,3,"Wed","Nov","Nov 2022",44,1
2022-11-03,183.618698595647,39.6463940021261,2022,4,"Thu","Nov","Nov 2022",44,1
2022-11-04,201.126341819817,37.2225032316079,2022,5,"Fri","Nov","Nov 2022",44,1
2022-11-05,202.746498678216,37.0437032454019,2022,6,"Sat","Nov","Nov 2022",44,1
2022-11-06,183.838960313024,41.0005589714925,2022,0,"Sun","Nov","Nov 2022",44,1
2022-11-07,180.309037086685,43.1858802502234,2022,1,"Mon","Nov","Nov 2022",45,2
2022-11-08,179.817633592049,43.6763638394104,2022,2,"Tue","Nov","Nov 2022",45,2
2022-11-09,180.876716917923,42.4008933556672,2022,3,"Wed","Nov","Nov 2022",45,2
2022-11-10,182.985198011506,40.5351058481819,2022,4,"Thu","Nov","Nov 2022",45,2
2022-11-11,202.954484153742,37.3848055742864,2022,5,"Fri","Nov","Nov 2022",45,2
2022-11-12,205.38005512121,36.1775127959953,2022,6,"Sat","Nov","Nov 2022",45,2
2022-11-13,186.841068129653,39.7581593237418,2022,0,"Sun","Nov","Nov 2022",45,2
2022-11-14,179.691358024691,43.3216021451316,2022,1,"Mon","Nov","Nov 2022",46,3
2022-11-15,178.929540505834,44.4252135559154,2022,2,"Tue","Nov","Nov 2022",46,3
2022-11-16,179.121831379118,44.3774427694026,2022,3,"Wed","Nov","Nov 2022",46,3
2022-11-17,180.747193834813,42.8435807226224,2022,4,"Thu","Nov","Nov 2022",46,3
2022-11-18,198.120933363249,41.2048463091766,2022,5,"Fri","Nov","Nov 2022",46,3
2022-11-19,200.547367830284,40.1447973958918,2022,6,"Sat","Nov","Nov 2022",46,3
2022-11-20,182.118379888268,42.8938547486033,2022,0,"Sun","Nov","Nov 2022",46,3
2022-11-21,179.971632789815,44.0306008487827,2022,1,"Mon","Nov","Nov 2022",47,4
2022-11-22,179.878420641126,44.4543728359209,2022,2,"Tue","Nov","Nov 2022",47,4
2022-11-23,180.442613795029,44.0491482826026,2022,3,"Wed","Nov","Nov 2022",47,4
2022-11-24,182.614379084967,42.5395229316798,2022,4,"Thu","Nov","Nov 2022",47,4
2022-11-25,200.831254915178,40.36063363667,2022,5,"Fri","Nov","Nov 2022",47,4
2022-11-26,203.200640881493,39.8695749943782,2022,6,"Sat","Nov","Nov 2022",47,4
2022-11-27,182.977987597072,43.4605285211464,2022,0,"Sun","Nov","Nov 2022",47,4
2022-11-28,180.144109436069,45.4383026242323,2022,1,"Mon","Nov","Nov 2022",48,5
2022-11-29,180.040929141772,45.9992182701435,2022,2,"Tue","Nov","Nov 2022",48,5
2022-11-30,180.234610658027,45.8440397720925,2022,3,"Wed","Nov","Nov 2022",48,5
2022-12-01,185.446091041271,43.2781568057264,2022,4,"Thu","Dec","Dec 2022",48,1
2022-12-02,202.79449128724,41.1748173130973,2022,5,"Fri","Dec","Dec 2022",48,1
2022-12-03,204.725810081008,41.1116111611161,2022,6,"Sat","Dec","Dec 2022",48,1
2022-12-04,186.370675176352,43.9256522225955,2022,0,"Sun","Dec","Dec 2022",48,1
2022-12-05,184.055409561085,45.8261112664244,2022,1,"Mon","Dec","Dec 2022",49,2
2022-12-06,183.652577434865,46.1534160796153,2022,2,"Tue","Dec","Dec 2022",49,2
2022-12-07,184.249580677625,45.7117298445712,2022,3,"Wed","Dec","Dec 2022",49,2
2022-12-08,186.433301638794,44.1915095922591,2022,4,"Thu","Dec","Dec 2022",49,2
2022-12-09,204.75513303707,31.6082578612814,2022,5,"Fri","Dec","Dec 2022",49,2
2022-12-10,223.156581409857,23.6858521850478,2022,6,"Sat","Dec","Dec 2022",49,2
2022-12-11,189.56900641544,22.5726454256294,2022,0,"Sun","Dec","Dec 2022",49,2
2022-12-12,186.640328663793,27.5915948275862,2022,1,"Mon","Dec","Dec 2022",50,3
2022-12-13,187.047628027262,29.0805743379758,2022,2,"Tue","Dec","Dec 2022",50,3
2022-12-14,187.617150246504,29.4404482879388,2022,3,"Wed","Dec","Dec 2022",50,3
2022-12-15,189.005820063051,29.0302589389163,2022,4,"Thu","Dec","Dec 2022",50,3
2022-12-16,206.94199485722,27.6546217350115,2022,5,"Fri","Dec","Dec 2022",50,3
2022-12-17,209.563282223547,27.8485127593867,2022,6,"Sat","Dec","Dec 2022",50,3
2022-12-18,192.277217306862,31.3740828657747,2022,0,"Sun","Dec","Dec 2022",50,3
2022-12-19,190.673416015098,32.9414936640604,2022,1,"Mon","Dec","Dec 2022",51,4
2022-12-20,191.04061926853,33.0914877548819,2022,2,"Tue","Dec","Dec 2022",51,4
2022-12-21,193.578661697991,32.5205227910996,2022,3,"Wed","Dec","Dec 2022",51,4
2022-12-22,197.906167234204,31.4064104642992,2022,4,"Thu","Dec","Dec 2022",51,4
2022-12-23,218.229311330774,28.6850202870136,2022,5,"Fri","Dec","Dec 2022",51,4
2022-12-24,224.008515283843,25.5949781659389,2022,6,"Sat","Dec","Dec 2022",51,4
2022-12-25,216.47001934236,24.4939657286076,2022,0,"Sun","Dec","Dec 2022",51,4
2022-12-26,215.578785486812,24.2412694956313,2022,1,"Mon","Dec","Dec 2022",52,5
2022-12-27,213.009706626064,25.063215421844,2022,2,"Tue","Dec","Dec 2022",52,5
2022-12-28,211.802680221811,25.7094704795042,2022,3,"Wed","Dec","Dec 2022",52,5
2022-12-29,214.071980203405,26.3229455593626,2022,4,"Thu","Dec","Dec 2022",52,5
2022-12-30,228.396059950133,26.3857303340001,2022,5,"Fri","Dec","Dec 2022",52,5
2022-12-31,236.496096463201,24.7103603478454,2022,6,"Sat","Dec","Dec 2022",52,5
2023-01-01,219.172575798962,27.9541108986616,2023,0,"Sun","Jan","Jan 2023",0,1
2023-01-02,208.026185958254,31.3906207644348,2023,1,"Mon","Jan","Jan 2023",1,2
2023-01-03,201.781392832995,32.9763353617309,2023,2,"Tue","Jan","Jan 2023",1,2
2023-01-04,200.794038160099,33.6252094481379,2023,3,"Wed","Jan","Jan 2023",1,2
2023-01-05,201.692579982706,33.9521184608733,2023,4,"Thu","Jan","Jan 2023",1,2
2023-01-06,215.717034383565,34.5463920323482,2023,5,"Fri","Jan","Jan 2023",1,2
2023-01-07,218.113187559419,35.347005296754,2023,6,"Sat","Jan","Jan 2023",1,2
2023-01-08,201.203981846669,36.9928143065536,2023,0,"Sun","Jan","Jan 2023",1,2
2023-01-09,198.52885445908,37.5134960051825,2023,1,"Mon","Jan","Jan 2023",2,3
2023-01-10,198.05178928051,37.4426512657203,2023,2,"Tue","Jan","Jan 2023",2,3
2023-01-11,198.347707585611,37.1023018592978,2023,3,"Wed","Jan","Jan 2023",2,3
2023-01-12,199.876413897363,36.484625975218,2023,4,"Thu","Jan","Jan 2023",2,3
2023-01-13,217.35121408007,35.0046173067521,2023,5,"Fri","Jan","Jan 2023",2,3
2023-01-14,218.905979650688,34.3544262473475,2023,6,"Sat","Jan","Jan 2023",2,3
2023-01-15,203.840292247328,34.8964957380598,2023,0,"Sun","Jan","Jan 2023",2,3
2023-01-16,205.825899748152,34.524873398868,2023,1,"Mon","Jan","Jan 2023",3,4
2023-01-17,206.813715400032,34.1476626401603,2023,2,"Tue","Jan","Jan 2023",3,4
2023-01-18,207.955624830577,33.3423692057468,2023,3,"Wed","Jan","Jan 2023",3,4
2023-01-19,210.019052788709,32.2160401682725,2023,4,"Thu","Jan","Jan 2023",3,4
2023-01-20,223.459598305779,30.9523158901489,2023,5,"Fri","Jan","Jan 2023",3,4
2023-01-21,223.922645586586,31.4751497579255,2023,6,"Sat","Jan","Jan 2023",3,4
2023-01-22,208.942052980132,34.5239387688633,2023,0,"Sun","Jan","Jan 2023",3,4
2023-01-23,205.961561382598,36.10900422581,2023,1,"Mon","Jan","Jan 2023",4,5
2023-01-24,205.167447655679,36.8184403694575,2023,2,"Tue","Jan","Jan 2023",4,5
2023-01-25,206.41661700168,36.5416914991602,2023,3,"Wed","Jan","Jan 2023",4,5
2023-01-26,208.472302890487,35.9071787216719,2023,4,"Thu","Jan","Jan 2023",4,5
2023-01-27,221.378467491416,36.0673606191073,2023,5,"Fri","Jan","Jan 2023",4,5
2023-01-28,222.064819612228,36.9965367729268,2023,6,"Sat","Jan","Jan 2023",4,5
2023-01-29,204.321477947356,39.7787958470005,2023,0,"Sun","Jan","Jan 2023",4,5
2023-01-30,193.366324601674,41.9659735349716,2023,1,"Mon","Jan","Jan 2023",5,6
2023-01-31,192.694415202311,42.7861905147515,2023,2,"Tue","Jan","Jan 2023",5,6
2023-02-01,190.306140043646,42.484575800846,2023,3,"Wed","Feb","Feb 2023",5,1
2023-02-02,191.207572082997,41.9293990838049,2023,4,"Thu","Feb","Feb 2023",5,1
2023-02-03,208.382430897387,41.1748796451561,2023,5,"Fri","Feb","Feb 2023",5,1
2023-02-04,209.736958934517,40.9978073143662,2023,6,"Sat","Feb","Feb 2023",5,1
2023-02-05,192.055043398566,41.969917515769,2023,0,"Sun","Feb","Feb 2023",5,1
2023-02-06,190.480964569581,42.3844806681935,2023,1,"Mon","Feb","Feb 2023",6,2
2023-02-07,191.763729452978,42.0776071139854,2023,2,"Tue","Feb","Feb 2023",6,2
2023-02-08,190.776999164488,42.3847128264561,2023,3,"Wed","Feb","Feb 2023",6,2
2023-02-09,192.066438374633,42.055167578936,2023,4,"Thu","Feb","Feb 2023",6,2
2023-02-10,209.017104657772,41.4084278329589,2023,5,"Fri","Feb","Feb 2023",6,2
2023-02-11,210.378638148098,41.1642073913632,2023,6,"Sat","Feb","Feb 2023",6,2
2023-02-12,192.262554614596,42.4564431738497,2023,0,"Sun","Feb","Feb 2023",6,2
2023-02-13,190.074066088082,43.0219395180853,2023,1,"Mon","Feb","Feb 2023",7,3
2023-02-14,190.688672127614,43.0292088812244,2023,2,"Tue","Feb","Feb 2023",7,3
2023-02-15,190.165818044667,42.937579137369,2023,3,"Wed","Feb","Feb 2023",7,3
2023-02-16,191.535183937475,42.2072496968064,2023,4,"Thu","Feb","Feb 2023",7,3
2023-02-17,209.103578867639,41.2989964021966,2023,5,"Fri","Feb","Feb 2023",7,3
2023-02-18,210.52344596058,41.214533246697,2023,6,"Sat","Feb","Feb 2023",7,3
2023-02-19,192.314825800884,42.6032790421745,2023,0,"Sun","Feb","Feb 2023",7,3
2023-02-20,190.607183273158,43.3879398609689,2023,1,"Mon","Feb","Feb 2023",8,4
2023-02-21,190.503219895993,43.3918034112036,2023,2,"Tue","Feb","Feb 2023",8,4
2023-02-22,191.076417331321,43.0426816124165,2023,3,"Wed","Feb","Feb 2023",8,4
2023-02-23,194.521959505001,41.6165646652827,2023,4,"Thu","Feb","Feb 2023",8,4
2023-02-24,213.724223029777,39.6648044692737,2023,5,"Fri","Feb","Feb 2023",8,4
2023-02-25,214.69145183175,39.7774762550882,2023,6,"Sat","Feb","Feb 2023",8,4
2023-02-26,194.2752009061,42.4761339733563,2023,0,"Sun","Feb","Feb 2023",8,4
2023-02-27,191.117006656067,43.6902099221213,2023,1,"Mon","Feb","Feb 2023",9,5
2023-02-28,191.37604419294,43.9692805173808,2023,2,"Tue","Feb","Feb 2023",9,5
2023-03-01,192.00285668086,43.0307766937962,2023,3,"Wed","Mar","Mar 2023",9,1
2023-03-02,197.115820734341,41.3552915766739,2023,4,"Thu","Mar","Mar 2023",9,1
2023-03-03,212.795537822653,40.3224493119453,2023,5,"Fri","Mar","Mar 2023",9,1
2023-03-04,213.094407680625,41.1314818832719,2023,6,"Sat","Mar","Mar 2023",9,1
2023-03-05,193.472397604015,43.3597755113054,2023,0,"Sun","Mar","Mar 2023",9,1
2023-03-06,190.130146404594,44.3419881905686,2023,1,"Mon","Mar","Mar 2023",10,2
2023-03-07,190.151066526441,44.4084890650703,2023,2,"Tue","Mar","Mar 2023",10,2
2023-03-08,190.881259944446,44.303012324371,2023,3,"Wed","Mar","Mar 2023",10,2
2023-03-09,192.760647773279,39.1740890688259,2023,4,"Thu","Mar","Mar 2023",10,2
2023-03-10,213.572293244307,38.303069782591,2023,5,"Fri","Mar","Mar 2023",10,2
2023-03-11,215.192846667753,32.089511704959,2023,6,"Sat","Mar","Mar 2023",10,2
2023-03-12,199.957414016872,32.7222582738481,2023,0,"Sun","Mar","Mar 2023",10,2
2023-03-13,201.356584846198,33.5900395046385,2023,1,"Mon","Mar","Mar 2023",11,3
2023-03-14,189.866927695119,27.9944313930218,2023,2,"Tue","Mar","Mar 2023",11,3
2023-03-15,190.022080317372,29.6927199331849,2023,3,"Wed","Mar","Mar 2023",11,3
2023-03-16,192.073929690219,28.8130873651236,2023,4,"Thu","Mar","Mar 2023",11,3
2023-03-17,210.894918866046,27.6955861032995,2023,5,"Fri","Mar","Mar 2023",11,3
2023-03-18,212.593205529245,27.7301085227968,2023,6,"Sat","Mar","Mar 2023",11,3
2023-03-19,192.636187955918,31.2174654851233,2023,0,"Sun","Mar","Mar 2023",11,3
2023-03-20,189.945191655212,33.1651384128199,2023,1,"Mon","Mar","Mar 2023",12,4
2023-03-21,189.921828241353,33.9950588071543,2023,2,"Tue","Mar","Mar 2023",12,4
2023-03-22,190.376372909088,33.3780090860037,2023,3,"Wed","Mar","Mar 2023",12,4
2023-03-23,193.289535551957,30.9684272852341,2023,4,"Thu","Mar","Mar 2023",12,4
2023-03-24,216.266268458022,28.8058995603356,2023,5,"Fri","Mar","Mar 2023",12,4
2023-03-25,217.189625552205,29.3001893275366,2023,6,"Sat","Mar","Mar 2023",12,4
2023-03-26,197.843767438616,33.28857421875,2023,0,"Sun","Mar","Mar 2023",12,4
2023-03-27,196.110287707062,34.3853530950305,2023,1,"Mon","Mar","Mar 2023",13,5
2023-03-28,198.500873484504,33.487648929108,2023,2,"Tue","Mar","Mar 2023",13,5
2023-03-29,206.723362175525,29.5726646653717,2023,3,"Wed","Mar","Mar 2023",13,5
2023-03-30,220.026870333142,22.8765795519816,2023,4,"Thu","Mar","Mar 2023",13,5
2023-03-31,234.922094670687,19.1321248229012,2023,5,"Fri","Mar","Mar 2023",13,5
2023-04-01,234.7003294683,18.7651309681999,2023,6,"Sat","Apr","Apr 2023",13,1
2023-04-02,222.988326918234,21.6842332458002,2023,0,"Sun","Apr","Apr 2023",13,1
2023-04-03,203.700460505501,32.2951453580342,2023,1,"Mon","Apr","Apr 2023",14,2
2023-04-04,198.857137864756,36.0440328499039,2023,2,"Tue","Apr","Apr 2023",14,2
2023-04-05,198.036234160645,36.6635249764373,2023,3,"Wed","Apr","Apr 2023",14,2
2023-04-06,206.547012440862,35.4915016646224,2023,4,"Thu","Apr","Apr 2023",14,2
2023-04-07,225.585487112584,33.3821092345122,2023,5,"Fri","Apr","Apr 2023",14,2
2023-04-08,227.123738621128,33.0146072965916,2023,6,"Sat","Apr","Apr 2023",14,2
2023-04-09,213.248311788539,33.9238419307877,2023,0,"Sun","Apr","Apr 2023",14,2
2023-04-10,207.116680375925,36.0944363744553,2023,1,"Mon","Apr","Apr 2023",15,3
2023-04-11,198.522146878868,36.8626562309342,2023,2,"Tue","Apr","Apr 2023",15,3
2023-04-12,197.620811041598,36.9482250840841,2023,3,"Wed","Apr","Apr 2023",15,3
2023-04-13,199.183802142297,36.5461987285553,2023,4,"Thu","Apr","Apr 2023",15,3
2023-04-14,216.42999807615,35.7556360074855,2023,5,"Fri","Apr","Apr 2023",15,3
2023-04-15,217.325346541585,35.9878185382246,2023,6,"Sat","Apr","Apr 2023",15,3
2023-04-16,199.045434748524,37.8268671277504,2023,0,"Sun","Apr","Apr 2023",15,3
2023-04-17,196.559894155946,38.9238027261807,2023,1,"Mon","Apr","Apr 2023",16,4
2023-04-18,196.175013490696,39.260535798214,2023,2,"Tue","Apr","Apr 2023",16,4
2023-04-19,196.534722584913,39.1688863355443,2023,3,"Wed","Apr","Apr 2023",16,4
2023-04-20,198.06263604228,38.690859700141,2023,4,"Thu","Apr","Apr 2023",16,4
2023-04-21,216.775536270427,37.7593869195507,2023,5,"Fri","Apr","Apr 2023",16,4
2023-04-22,218.353955499536,37.3422264236822,2023,6,"Sat","Apr","Apr 2023",16,4
2023-04-23,201.957819880432,38.2810729785788,2023,0,"Sun","Apr","Apr 2023",16,4
2023-04-24,199.782106656449,39.1967675641785,2023,1,"Mon","Apr","Apr 2023",17,5
2023-04-25,197.690399080652,40.0612898732414,2023,2,"Tue","Apr","Apr 2023",17,5
2023-04-26,194.622278683675,40.4486365139307,2023,3,"Wed","Apr","Apr 2023",17,5
2023-04-27,195.099277695588,40.0713601949352,2023,4,"Thu","Apr","Apr 2023",17,5
2023-04-28,212.876286138527,39.437505458992,2023,5,"Fri","Apr","Apr 2023",17,5
2023-04-29,214.186111548075,39.3651792424799,2023,6,"Sat","Apr","Apr 2023",17,5
2023-04-30,195.75069637883,40.6476323119777,2023,0,"Sun","Apr","Apr 2023",17,5
2023-05-01,191.129237619801,41.0446852550834,2023,1,"Mon","May","May 2023",18,1
2023-05-02,190.788197645095,41.3482442562221,2023,2,"Tue","May","May 2023",18,1
2023-05-03,191.037933073605,41.3228746347572,2023,3,"Wed","May","May 2023",18,1
2023-05-04,192.761941207166,41.0245260045225,2023,4,"Thu","May","May 2023",18,1
2023-05-05,210.264310028803,40.3543685083355,2023,5,"Fri","May","May 2023",18,1
2023-05-06,211.266082279807,40.4781029545296,2023,6,"Sat","May","May 2023",18,1
2023-05-07,193.139494014477,41.3227310690423,2023,0,"Sun","May","May 2023",18,1
2023-05-08,190.465522338742,41.7036225456949,2023,1,"Mon","May","May 2023",19,2
2023-05-09,190.492522519389,41.7956387159601,2023,2,"Tue","May","May 2023",19,2
2023-05-10,190.768090989722,41.7175353472114,2023,3,"Wed","May","May 2023",19,2
2023-05-11,192.217133414507,41.4976517655244,2023,4,"Thu","May","May 2023",19,2
2023-05-12,209.707488217839,41.195671146797,2023,5,"Fri","May","May 2023",19,2
2023-05-13,210.774943251266,41.1856120132705,2023,6,"Sat","May","May 2023",19,2
2023-05-14,193.026050186197,41.6576758431072,2023,0,"Sun","May","May 2023",19,2
2023-05-15,190.834475322597,41.9515842927203,2023,1,"Mon","May","May 2023",20,3
2023-05-16,190.739643838475,42.029842440263,2023,2,"Tue","May","May 2023",20,3
2023-05-17,191.076370530124,42.0133574509531,2023,3,"Wed","May","May 2023",20,3
2023-05-18,192.536549300675,41.7298726602185,2023,4,"Thu","May","May 2023",20,3
2023-05-19,210.109462290503,41.2273044692737,2023,5,"Fri","May","May 2023",20,3
2023-05-20,211.284978435858,41.1290181767387,2023,6,"Sat","May","May 2023",20,3
2023-05-21,193.035011397846,41.8379243739885,2023,0,"Sun","May","May 2023",20,3
2023-05-22,190.911829153769,42.2489652533825,2023,1,"Mon","May","May 2023",21,4
2023-05-23,190.927777681164,42.3334434725145,2023,2,"Tue","May","May 2023",21,4
2023-05-24,191.292128969427,42.1794024555668,2023,3,"Wed","May","May 2023",21,4
2023-05-25,193.872094641614,41.5274878218511,2023,4,"Thu","May","May 2023",21,4
2023-05-26,212.770423322963,40.7347851924354,2023,5,"Fri","May","May 2023",21,4
2023-05-27,214.172670177219,40.4226658036073,2023,6,"Sat","May","May 2023",21,4
2023-05-28,197.301811531092,41.0085350984149,2023,0,"Sun","May","May 2023",21,4
2023-05-29,195.85441760078,41.3649655364478,2023,1,"Mon","May","May 2023",22,5
2023-05-30,195.907802899762,41.4756409586967,2023,2,"Tue","May","May 2023",22,5
2023-05-31,195.435686813665,41.8875411148431,2023,3,"Wed","May","May 2023",22,5
2023-06-01,193.333385528124,42.4796005358665,2023,4,"Thu","Jun","Jun 2023",22,1
2023-06-02,209.617964385475,42.6902932960894,2023,5,"Fri","Jun","Jun 2023",22,1
2023-06-03,210.458471586742,42.785791624463,2023,6,"Sat","Jun","Jun 2023",22,1
2023-06-04,192.721247563353,43.1182121971596,2023,0,"Sun","Jun","Jun 2023",22,1
2023-06-05,190.880322849986,43.3151266351239,2023,1,"Mon","Jun","Jun 2023",23,2
2023-06-06,190.89593153711,43.3754848584996,2023,2,"Tue","Jun","Jun 2023",23,2
2023-06-07,187.758340575056,36.1494187730633,2023,3,"Wed","Jun","Jun 2023",23,2
2023-06-08,189.002947994356,38.4234529328764,2023,4,"Thu","Jun","Jun 2023",23,2
2023-06-09,212.722517461282,33.6711711711712,2023,5,"Fri","Jun","Jun 2023",23,2
2023-06-10,215.645813538064,32.0474326327392,2023,6,"Sat","Jun","Jun 2023",23,2
2023-06-11,199.487098605766,33.2471137467668,2023,0,"Sun","Jun","Jun 2023",23,2
2023-06-12,194.125296253341,34.5242297413141,2023,1,"Mon","Jun","Jun 2023",24,3
2023-06-13,190.008960302457,36.2079395085066,2023,2,"Tue","Jun","Jun 2023",24,3
2023-06-14,188.867568691183,36.7738765637401,2023,3,"Wed","Jun","Jun 2023",24,3
2023-06-15,189.627324497304,36.3579095902837,2023,4,"Thu","Jun","Jun 2023",24,3
2023-06-16,208.986386388917,35.5875214885226,2023,5,"Fri","Jun","Jun 2023",24,3
2023-06-17,210.327762326169,35.2768647281922,2023,6,"Sat","Jun","Jun 2023",24,3
2023-06-18,191.720662927721,36.8794505009767,2023,0,"Sun","Jun","Jun 2023",24,3
2023-06-19,189.50069912452,37.8673552938213,2023,1,"Mon","Jun","Jun 2023",25,4
2023-06-20,189.5068527663,38.0782021566059,2023,2,"Tue","Jun","Jun 2023",25,4
2023-06-21,189.766284972853,38.0270334958366,2023,3,"Wed","Jun","Jun 2023",25,4
2023-06-22,190.963439370079,37.5155905511811,2023,4,"Thu","Jun","Jun 2023",25,4
2023-06-23,210.749367920712,36.5531452265372,2023,5,"Fri","Jun","Jun 2023",25,4
2023-06-24,213.196519583665,36.0321736161172,2023,6,"Sat","Jun","Jun 2023",25,4
2023-06-25,194.836144730207,36.9566313666162,2023,0,"Sun","Jun","Jun 2023",25,4
2023-06-26,193.106255355613,37.4225011341297,2023,1,"Mon","Jun","Jun 2023",26,5
2023-06-27,193.233336693294,37.4984250182698,2023,2,"Tue","Jun","Jun 2023",26,5
2023-06-28,193.685081341281,37.3779250727724,2023,3,"Wed","Jun","Jun 2023",26,5
2023-06-29,195.253173172668,36.8365327652924,2023,4,"Thu","Jun","Jun 2023",26,5
2023-06-30,213.153110532041,36.4143496850254,2023,5,"Fri","Jun","Jun 2023",26,5
2023-07-01,214.387784288661,36.3003556376799,2023,6,"Sat","Jul","Jul 2023",26,1
2023-07-02,196.173312651332,37.2288640032284,2023,0,"Sun","Jul","Jul 2023",26,1
2023-07-03,194.436879986891,37.6425951369544,2023,1,"Mon","Jul","Jul 2023",27,2
2023-07-04,194.332509956143,37.7564651913092,2023,2,"Tue","Jul","Jul 2023",27,2
2023-07-05,194.575107133854,37.6846483488782,2023,3,"Wed","Jul","Jul 2023",27,2
2023-07-06,195.86429012618,37.3435353140639,2023,4,"Thu","Jul","Jul 2023",27,2
2023-07-07,213.616719582074,37.0289790910356,2023,5,"Fri","Jul","Jul 2023",27,2
2023-07-08,214.589695888227,37.1021425769138,2023,6,"Sat","Jul","Jul 2023",27,2
2023-07-09,196.197899461627,38.1791131340386,2023,0,"Sun","Jul","Jul 2023",27,2
2023-07-10,192.615730648555,38.7104497171155,2023,1,"Mon","Jul","Jul 2023",28,3
2023-07-11,192.373032773459,38.9665209228482,2023,2,"Tue","Jul","Jul 2023",28,3
2023-07-12,192.745763138994,38.9829013520154,2023,3,"Wed","Jul","Jul 2023",28,3
2023-07-13,194.052679336593,38.5088471038968,2023,4,"Thu","Jul","Jul 2023",28,3
2023-07-14,212.378103851749,37.9077857188034,2023,5,"Fri","Jul","Jul 2023",28,3
2023-07-15,213.479424493205,37.8394452458684,2023,6,"Sat","Jul","Jul 2023",28,3
2023-07-16,194.674653994504,38.8332871152343,2023,0,"Sun","Jul","Jul 2023",28,3
2023-07-17,191.732710068416,39.3841269041289,2023,1,"Mon","Jul","Jul 2023",29,4
2023-07-18,191.599067657805,39.7076981227164,2023,2,"Tue","Jul","Jul 2023",29,4
2023-07-19,191.789688539462,39.6633403890737,2023,3,"Wed","Jul","Jul 2023",29,4
2023-07-20,195.055071075713,39.4520616997681,2023,4,"Thu","Jul","Jul 2023",29,4
2023-07-21,213.19550203648,39.1004072959093,2023,5,"Fri","Jul","Jul 2023",29,4
2023-07-22,214.244483805668,39.0991902834008,2023,6,"Sat","Jul","Jul 2023",29,4
2023-07-23,195.319618298478,39.8593200468933,2023,0,"Sun","Jul","Jul 2023",29,4
2023-07-24,193.435385293932,40.2822758490328,2023,1,"Mon","Jul","Jul 2023",30,5
2023-07-25,193.241426231574,40.4119944563437,2023,2,"Tue","Jul","Jul 2023",30,5
2023-07-26,193.512076503421,40.2751704065819,2023,3,"Wed","Jul","Jul 2023",30,5
2023-07-27,194.934825344019,39.7575482635213,2023,4,"Thu","Jul","Jul 2023",30,5
2023-07-28,213.781689160985,39.0515703859241,2023,5,"Fri","Jul","Jul 2023",30,5
2023-07-29,215.228966756969,38.8168721675064,2023,6,"Sat","Jul","Jul 2023",30,5
2023-07-30,196.575323987696,39.6916443951389,2023,0,"Sun","Jul","Jul 2023",30,5
2023-07-31,194.661708725137,40.3206695742053,2023,1,"Mon","Jul","Jul 2023",31,6
2023-08-01,194.44912926233,40.453388442249,2023,2,"Tue","Aug","Aug 2023",31,1
2023-08-02,194.836410611885,40.3251622660533,2023,3,"Wed","Aug","Aug 2023",31,1
2023-08-03,195.579655163722,40.0683118650904,2023,4,"Thu","Aug","Aug 2023",31,1
2023-08-04,214.167448802763,39.7207078437077,2023,5,"Fri","Aug","Aug 2023",31,1
2023-08-05,215.540373614135,39.683845491824,2023,6,"Sat","Aug","Aug 2023",31,1
2023-08-06,196.692660781841,40.1525851197982,2023,0,"Sun","Aug","Aug 2023",31,1
2023-08-07,194.613547574039,40.5003150598614,2023,1,"Mon","Aug","Aug 2023",32,2
2023-08-08,194.419299948322,40.6519026431551,2023,2,"Tue","Aug","Aug 2023",32,2
2023-08-09,194.375426879214,40.6099174595174,2023,3,"Wed","Aug","Aug 2023",32,2
2023-08-10,195.132104958032,40.5653719154085,2023,4,"Thu","Aug","Aug 2023",32,2
2023-08-11,213.425276017756,40.409252444006,2023,5,"Fri","Aug","Aug 2023",32,2
2023-08-12,214.390296666456,40.4212790182807,2023,6,"Sat","Aug","Aug 2023",32,2
2023-08-13,195.514558701187,40.8614213325939,2023,0,"Sun","Aug","Aug 2023",32,2
2023-08-14,193.899478366051,41.2116019454174,2023,1,"Mon","Aug","Aug 2023",33,3
2023-08-15,193.834309760492,41.3223973491578,2023,2,"Tue","Aug","Aug 2023",33,3
2023-08-16,194.255864936374,41.1906261811768,2023,3,"Wed","Aug","Aug 2023",33,3
2023-08-17,195.890810102334,40.8000201643394,2023,4,"Thu","Aug","Aug 2023",33,3
2023-08-18,215.561600121567,40.0372297990351,2023,5,"Fri","Aug","Aug 2023",33,3
2023-08-19,217.144838251699,39.7196024743941,2023,6,"Sat","Aug","Aug 2023",33,3
2023-08-20,198.705099414614,40.4395438029875,2023,0,"Sun","Aug","Aug 2023",33,3
2023-08-21,192.736428247392,41.2205756338525,2023,1,"Mon","Aug","Aug 2023",34,4
2023-08-22,192.259918110236,41.4714960629921,2023,2,"Tue","Aug","Aug 2023",34,4
2023-08-23,192.441513284705,41.446514733487,2023,3,"Wed","Aug","Aug 2023",34,4
2023-08-24,193.629662298387,41.2537802419355,2023,4,"Thu","Aug","Aug 2023",34,4
2023-08-25,211.363386872392,41.0142911344378,2023,5,"Fri","Aug","Aug 2023",34,4
2023-08-26,212.352988814091,41.0487422179481,2023,6,"Sat","Aug","Aug 2023",34,4
2023-08-27,193.838879225592,41.5803272076432,2023,0,"Sun","Aug","Aug 2023",34,4
2023-08-28,192.195278050747,41.8852520976642,2023,1,"Mon","Aug","Aug 2023",35,5
2023-08-29,192.307448095142,41.9862426930054,2023,2,"Tue","Aug","Aug 2023",35,5
2023-08-30,192.495962102982,42.0256258425409,2023,3,"Wed","Aug","Aug 2023",35,5
2023-08-31,193.624788931173,41.9667834370826,2023,4,"Thu","Aug","Aug 2023",35,5
2023-09-01,210.912928526249,41.5660974067046,2023,5,"Fri","Sep","Sep 2023",35,1
2023-09-02,211.926839761109,41.5578499848163,2023,6,"Sat","Sep","Sep 2023",35,1
2023-09-03,194.24579604185,41.9702508508761,2023,0,"Sun","Sep","Sep 2023",35,1
2023-09-04,192.808512246749,42.0925309948594,2023,1,"Mon","Sep","Sep 2023",36,2
2023-09-05,193.03767666843,38.7637618723705,2023,2,"Tue","Sep","Sep 2023",36,2
2023-09-06,193.329314992568,38.6352757413146,2023,3,"Wed","Sep","Sep 2023",36,2
2023-09-07,194.728037901315,37.8924953379366,2023,4,"Thu","Sep","Sep 2023",36,2
2023-09-08,213.322704727199,37.5797145460067,2023,5,"Fri","Sep","Sep 2023",36,2
2023-09-09,213.20622824637,37.2498811695978,2023,6,"Sat","Sep","Sep 2023",36,2
2023-09-10,198.284494257735,36.4983570289879,2023,0,"Sun","Sep","Sep 2023",36,2
2023-09-11,196.785220713763,36.7075847492074,2023,1,"Mon","Sep","Sep 2023",37,3
2023-09-12,196.816369667014,36.7146852237253,2023,2,"Tue","Sep","Sep 2023",37,3
2023-09-13,197.26881615531,36.6079703429101,2023,3,"Wed","Sep","Sep 2023",37,3
2023-09-14,198.471151657072,36.1823917780596,2023,4,"Thu","Sep","Sep 2023",37,3
2023-09-15,218.650089042103,35.8537422190272,2023,5,"Fri","Sep","Sep 2023",37,3
2023-09-16,220.475328114019,35.805697661115,2023,6,"Sat","Sep","Sep 2023",37,3
2023-09-17,201.482648045056,36.2470293322916,2023,0,"Sun","Sep","Sep 2023",37,3
2023-09-18,199.966745302205,36.3263645977386,2023,1,"Mon","Sep","Sep 2023",38,4
2023-09-19,200.006832490117,36.3602349075174,2023,2,"Tue","Sep","Sep 2023",38,4
2023-09-20,200.724869446388,36.2426589012348,2023,3,"Wed","Sep","Sep 2023",38,4
2023-09-21,202.398792474938,35.9295664627002,2023,4,"Thu","Sep","Sep 2023",38,4
2023-09-22,220.897617451311,35.3719359638938,2023,5,"Fri","Sep","Sep 2023",38,4
2023-09-23,222.506283956274,35.0756038489232,2023,6,"Sat","Sep","Sep 2023",38,4
2023-09-24,203.777222240318,35.6356470473275,2023,0,"Sun","Sep","Sep 2023",38,4
2023-09-25,201.292291168286,35.8655144916923,2023,1,"Mon","Sep","Sep 2023",39,5
2023-09-26,201.206811820608,35.8865455965632,2023,2,"Tue","Sep","Sep 2023",39,5
2023-09-27,202.582077160996,35.668240273482,2023,3,"Wed","Sep","Sep 2023",39,5
2023-09-28,207.588170007182,34.770189984984,2023,4,"Thu","Sep","Sep 2023",39,5
2023-09-29,227.237073427205,34.1652563955112,2023,5,"Fri","Sep","Sep 2023",39,5
2023-09-30,228.08422488455,34.2043418955118,2023,6,"Sat","Sep","Sep 2023",39,5
2023-10-01,207.286259853443,34.8636430401645,2023,0,"Sun","Oct","Oct 2023",39,1
2023-10-02,201.014232905043,35.590405002687,2023,1,"Mon","Oct","Oct 2023",40,2
2023-10-03,199.195146958305,35.802167757055,2023,2,"Tue","Oct","Oct 2023",40,2
2023-10-04,200.136543374612,35.6353636112151,2023,3,"Wed","Oct","Oct 2023",40,2
2023-10-05,203.084310277452,34.8150319135079,2023,4,"Thu","Oct","Oct 2023",40,2
2023-10-06,221.300076896648,34.3646209976931,2023,5,"Fri","Oct","Oct 2023",40,2
2023-10-07,222.443124161184,34.2989950571213,2023,6,"Sat","Oct","Oct 2023",40,2
2023-10-08,203.779037011708,35.0577239346718,2023,0,"Sun","Oct","Oct 2023",40,2
2023-10-09,198.966878690765,35.7322965300711,2023,1,"Mon","Oct","Oct 2023",41,3
2023-10-10,198.550232618668,36.0005856134301,2023,2,"Tue","Oct","Oct 2023",41,3
2023-10-11,198.76189159292,35.9497006767309,2023,3,"Wed","Oct","Oct 2023",41,3
2023-10-12,200.012154839969,35.8445742551703,2023,4,"Thu","Oct","Oct 2023",41,3
2023-10-13,218.554620200402,35.4610392794678,2023,5,"Fri","Oct","Oct 2023",41,3
2023-10-14,220.045668596095,35.2284247359299,2023,6,"Sat","Oct","Oct 2023",41,3
2023-10-15,201.464328722539,35.7379983726607,2023,0,"Sun","Oct","Oct 2023",41,3
2023-10-16,198.270302360002,36.1156742514191,2023,1,"Mon","Oct","Oct 2023",42,4
2023-10-17,198.255635429203,36.2310119376769,2023,2,"Tue","Oct","Oct 2023",42,4
2023-10-18,198.84900382207,36.1177522973083,2023,3,"Wed","Oct","Oct 2023",42,4
2023-10-19,200.451152651016,35.9314754258383,2023,4,"Thu","Oct","Oct 2023",42,4
2023-10-20,218.706603465185,35.5377574370709,2023,5,"Fri","Oct","Oct 2023",42,4
2023-10-21,220.155188201053,35.4099218417868,2023,6,"Sat","Oct","Oct 2023",42,4
2023-10-22,201.143861590794,35.9092462687782,2023,0,"Sun","Oct","Oct 2023",42,4
2023-10-23,198.82881402801,36.1940237812515,2023,1,"Mon","Oct","Oct 2023",43,5
2023-10-24,198.701878812525,36.2830418869459,2023,2,"Tue","Oct","Oct 2023",43,5
2023-10-25,199.320786023359,36.2478446172366,2023,3,"Wed","Oct","Oct 2023",43,5
2023-10-26,201.044859904325,35.9123303719613,2023,4,"Thu","Oct","Oct 2023",43,5
2023-10-27,219.8613663865,35.5217974294404,2023,5,"Fri","Oct","Oct 2023",43,5
2023-10-28,221.050037634585,35.3830546192362,2023,6,"Sat","Oct","Oct 2023",43,5
2023-10-29,201.999690740108,36.0141282940248,2023,0,"Sun","Oct","Oct 2023",43,5
2023-10-30,199.740577470516,36.336722244815,2023,1,"Mon","Oct","Oct 2023",44,6
2023-10-31,199.972947472874,36.4306280806208,2023,2,"Tue","Oct","Oct 2023",44,6
2023-11-01,201.023230466399,36.1162174033284,2023,3,"Wed","Nov","Nov 2023",44,1
2023-11-02,202.67421690668,35.782279716866,2023,4,"Thu","Nov","Nov 2023",44,1
2023-11-03,226.495671279596,34.8281629172952,2023,5,"Fri","Nov","Nov 2023",44,1
2023-11-04,228.30719243834,34.3474622163147,2023,6,"Sat","Nov","Nov 2023",44,1
2023-11-05,211.864927053755,34.6519142269656,2023,0,"Sun","Nov","Nov 2023",44,1
2023-11-06,210.101212922605,34.7878609791534,2023,1,"Mon","Nov","Nov 2023",45,2
2023-11-07,210.179244666601,34.9194681302885,2023,2,"Tue","Nov","Nov 2023",45,2
2023-11-08,204.571451852093,35.3470332284927,2023,3,"Wed","Nov","Nov 2023",45,2
2023-11-09,205.148470477029,35.2988151697388,2023,4,"Thu","Nov","Nov 2023",45,2
2023-11-10,223.753626276367,35.0318784521332,2023,5,"Fri","Nov","Nov 2023",45,2
2023-11-11,224.820367820614,35.0658929976397,2023,6,"Sat","Nov","Nov 2023",45,2
2023-11-12,204.52156907482,35.7523508417399,2023,0,"Sun","Nov","Nov 2023",45,2
2023-11-13,201.182354090672,35.928543512246,2023,1,"Mon","Nov","Nov 2023",46,3
2023-11-14,200.949439848889,36.0271608154758,2023,2,"Tue","Nov","Nov 2023",46,3
2023-11-15,201.397489130966,36.046114014948,2023,3,"Wed","Nov","Nov 2023",46,3
2023-11-16,203.052521863753,35.915183297233,2023,4,"Thu","Nov","Nov 2023",46,3
2023-11-17,220.854283610179,35.6648392111938,2023,5,"Fri","Nov","Nov 2023",46,3
2023-11-18,222.031381986052,35.6579248927741,2023,6,"Sat","Nov","Nov 2023",46,3
2023-11-19,203.642340286832,35.9517601043025,2023,0,"Sun","Nov","Nov 2023",46,3
2023-11-20,201.765361126944,36.0605813858806,2023,1,"Mon","Nov","Nov 2023",47,4
2023-11-21,202.268658903998,35.9351844312352,2023,2,"Tue","Nov","Nov 2023",47,4
2023-11-22,206.301632606462,35.1230571004518,2023,3,"Wed","Nov","Nov 2023",47,4
2023-11-23,210.426560377142,34.060663600203,2023,4,"Thu","Nov","Nov 2023",47,4
2023-11-24,226.016465585443,33.9102056962025,2023,5,"Fri","Nov","Nov 2023",47,4
2023-11-25,226.494411842279,34.0514967690888,2023,6,"Sat","Nov","Nov 2023",47,4
2023-11-26,209.056275853048,34.8347857364747,2023,0,"Sun","Nov","Nov 2023",47,4
2023-11-27,205.138916962801,35.6877384018518,2023,1,"Mon","Nov","Nov 2023",48,5
2023-11-28,203.278139762176,36.1133735136016,2023,2,"Tue","Nov","Nov 2023",48,5
2023-11-29,203.16974524368,36.2441360437842,2023,3,"Wed","Nov","Nov 2023",48,5
2023-11-30,204.698401577241,36.1836638261125,2023,4,"Thu","Nov","Nov 2023",48,5
2023-12-01,223.718354171105,35.8447900109787,2023,5,"Fri","Dec","Dec 2023",48,1
2023-12-02,224.639229823843,35.9033183121671,2023,6,"Sat","Dec","Dec 2023",48,1
2023-12-03,206.994439280531,36.2245813153303,2023,0,"Sun","Dec","Dec 2023",48,1
2023-12-04,205.134589370406,32.8601463565689,2023,1,"Mon","Dec","Dec 2023",49,2
2023-12-05,204.691343740834,32.8781409901248,2023,2,"Tue","Dec","Dec 2023",49,2
2023-12-06,205.33199745858,32.8217910496391,2023,3,"Wed","Dec","Dec 2023",49,2
2023-12-07,206.812609970674,32.7745193874226,2023,4,"Thu","Dec","Dec 2023",49,2
2023-12-08,224.827064220183,32.4442988204456,2023,5,"Fri","Dec","Dec 2023",49,2
2023-12-09,225.684119102633,31.5028759648002,2023,6,"Sat","Dec","Dec 2023",49,2
2023-12-10,204.138935723979,28.5540979561624,2023,0,"Sun","Dec","Dec 2023",49,2
2023-12-11,209.592847154741,32.1143317611926,2023,1,"Mon","Dec","Dec 2023",50,3
2023-12-12,209.384761227634,32.1293992179168,2023,2,"Tue","Dec","Dec 2023",50,3
2023-12-13,210.229022470845,31.9925097184033,2023,3,"Wed","Dec","Dec 2023",50,3
2023-12-14,211.518509735101,31.68117248085,2023,4,"Thu","Dec","Dec 2023",50,3
2023-12-15,230.774143525146,31.4056684798168,2023,5,"Fri","Dec","Dec 2023",50,3
2023-12-16,231.889931027899,31.3190615975752,2023,6,"Sat","Dec","Dec 2023",50,3
2023-12-17,214.743344564134,31.4976510226356,2023,0,"Sun","Dec","Dec 2023",50,3
2023-12-18,212.863444481336,31.5467438220367,2023,1,"Mon","Dec","Dec 2023",51,4
2023-12-19,212.6997509783,31.5142891023361,2023,2,"Tue","Dec","Dec 2023",51,4
2023-12-20,213.74725405072,31.3405926031362,2023,3,"Wed","Dec","Dec 2023",51,4
2023-12-21,217.442333785617,31.0219238734557,2023,4,"Thu","Dec","Dec 2023",51,4
2023-12-22,236.282254767573,30.3080585816319,2023,5,"Fri","Dec","Dec 2023",51,4
2023-12-23,238.46578084306,29.5360277804572,2023,6,"Sat","Dec","Dec 2023",51,4
2023-12-24,226.139498056529,29.1376745525217,2023,0,"Sun","Dec","Dec 2023",51,4
2023-12-25,226.649712899118,28.7725536362108,2023,1,"Mon","Dec","Dec 2023",52,5
2023-12-26,226.96354641948,28.730608520244,2023,2,"Tue","Dec","Dec 2023",52,5
2023-12-27,225.191426583827,29.0162400748435,2023,3,"Wed","Dec","Dec 2023",52,5
2023-12-28,225.540700187293,29.2248955481919,2023,4,"Thu","Dec","Dec 2023",52,5
2023-12-29,241.203951191168,29.2731938795274,2023,5,"Fri","Dec","Dec 2023",52,5
2023-12-30,241.643359867974,29.16707115814,2023,6,"Sat","Dec","Dec 2023",52,5
2023-12-31,234.769135472587,28.8774989676197,2023,0,"Sun","Dec","Dec 2023",52,5
2024-01-01,227.686751613755,29.7986706020685,2024,1,"Mon","Jan","Jan 2024",1,1
2024-01-02,219.089731354679,30.6508565157227,2024,2,"Tue","Jan","Jan 2024",1,1
2024-01-03,218.213966001619,30.9794771677539,2024,3,"Wed","Jan","Jan 2024",1,1
2024-01-04,219.096721194371,31.1593685263233,2024,4,"Thu","Jan","Jan 2024",1,1
2024-01-05,234.583437110834,31.2673627742121,2024,5,"Fri","Jan","Jan 2024",1,1
2024-01-06,235.172906934962,31.4289136423524,2024,6,"Sat","Jan","Jan 2024",1,1
2024-01-07,218.268870956224,31.7455783284534,2024,0,"Sun","Jan","Jan 2024",1,1
2024-01-08,215.776152766878,31.7852131935031,2024,1,"Mon","Jan","Jan 2024",2,2
2024-01-09,215.302979148339,31.817209158563,2024,2,"Tue","Jan","Jan 2024",2,2
2024-01-10,215.903159846882,31.79818825935,2024,3,"Wed","Jan","Jan 2024",2,2
2024-01-11,217.203699740828,31.7664122500416,2024,4,"Thu","Jan","Jan 2024",2,2
2024-01-12,234.497524101141,31.5407985072842,2024,5,"Fri","Jan","Jan 2024",2,2
2024-01-13,235.295539389298,31.3630707380109,2024,6,"Sat","Jan","Jan 2024",2,2
2024-01-14,218.958545523773,31.2027033458665,2024,0,"Sun","Jan","Jan 2024",2,2
2024-01-15,218.578785787382,30.9598038982365,2024,1,"Mon","Jan","Jan 2024",3,3
2024-01-16,219.04419047619,30.7452380952381,2024,2,"Tue","Jan","Jan 2024",3,3
2024-01-17,220.224746933429,30.6323687031083,2024,3,"Wed","Jan","Jan 2024",3,3
2024-01-18,222.139525456063,30.3517348277095,2024,4,"Thu","Jan","Jan 2024",3,3
2024-01-19,238.088072205286,30.1951559086872,2024,5,"Fri","Jan","Jan 2024",3,3
2024-01-20,238.150208923683,30.3803851880313,2024,6,"Sat","Jan","Jan 2024",3,3
2024-01-21,221.226098560671,31.0385091983605,2024,0,"Sun","Jan","Jan 2024",3,3
2024-01-22,218.385358425924,31.3697033142205,2024,1,"Mon","Jan","Jan 2024",4,4
2024-01-23,217.704395186225,31.5273747800029,2024,2,"Tue","Jan","Jan 2024",4,4
2024-01-24,218.1131752337,31.5239884874289,2024,3,"Wed","Jan","Jan 2024",4,4
2024-01-25,220.291713285881,31.5256980979361,2024,4,"Thu","Jan","Jan 2024",4,4
2024-01-26,236.986917455373,31.4532167245717,2024,5,"Fri","Jan","Jan 2024",4,4
2024-01-27,237.30309639074,31.5486746872454,2024,6,"Sat","Jan","Jan 2024",4,4
2024-01-28,219.414037592196,31.9605044016179,2024,0,"Sun","Jan","Jan 2024",4,4
2024-01-29,211.323940985009,32.2467986030268,2024,1,"Mon","Jan","Jan 2024",5,5
2024-01-30,209.321854367549,32.375433429915,2024,2,"Tue","Jan","Jan 2024",5,5
2024-01-31,209.740915783974,32.4514320999382,2024,3,"Wed","Jan","Jan 2024",5,5
2024-02-01,209.363183371298,32.3391230068337,2024,4,"Thu","Feb","Feb 2024",5,1
2024-02-02,226.419631345208,32.2143164127788,2024,5,"Fri","Feb","Feb 2024",5,1
2024-02-03,226.950660330046,32.2713920664868,2024,6,"Sat","Feb","Feb 2024",5,1
2024-02-04,209.3410304483,32.5319790208131,2024,0,"Sun","Feb","Feb 2024",5,1
2024-02-05,207.161255128904,32.6091596897754,2024,1,"Mon","Feb","Feb 2024",6,2
2024-02-06,207.124745006879,32.61777124152,2024,2,"Tue","Feb","Feb 2024",6,2
2024-02-07,207.519522725116,32.5979694468166,2024,3,"Wed","Feb","Feb 2024",6,2
2024-02-08,208.98238910118,32.5042128497852,2024,4,"Thu","Feb","Feb 2024",6,2
2024-02-09,226.406854906079,32.4271427548512,2024,5,"Fri","Feb","Feb 2024",6,2
2024-02-10,226.853710956156,32.4648963606839,2024,6,"Sat","Feb","Feb 2024",6,2
2024-02-11,209.08345006054,32.6511716246053,2024,0,"Sun","Feb","Feb 2024",6,2
2024-02-12,207.273950177936,32.6453143534994,2024,1,"Mon","Feb","Feb 2024",7,3
2024-02-13,207.607254697286,32.5678496868476,2024,2,"Tue","Feb","Feb 2024",7,3
2024-02-14,208.037129300119,32.5172004744958,2024,3,"Wed","Feb","Feb 2024",7,3
2024-02-15,209.250943261906,32.4671934695427,2024,4,"Thu","Feb","Feb 2024",7,3
2024-02-16,226.776496705815,32.0944333046882,2024,5,"Fri","Feb","Feb 2024",7,3
2024-02-17,227.362843905235,31.9688574703859,2024,6,"Sat","Feb","Feb 2024",7,3
2024-02-18,209.415023139907,32.5216565800403,2024,0,"Sun","Feb","Feb 2024",7,3
2024-02-19,207.220490928495,32.7285663464959,2024,1,"Mon","Feb","Feb 2024",8,4
2024-02-20,207.32419484893,32.708817530712,2024,2,"Tue","Feb","Feb 2024",8,4
2024-02-21,208.320048395132,32.5172585581097,2024,3,"Wed","Feb","Feb 2024",8,4
2024-02-22,213.589705147426,31.7174745960353,2024,4,"Thu","Feb","Feb 2024",8,4
2024-02-23,230.852483910623,30.3106997372671,2024,5,"Fri","Feb","Feb 2024",8,4
2024-02-24,231.392716843805,30.3882582604295,2024,6,"Sat","Feb","Feb 2024",8,4
2024-02-25,211.344282961871,32.1043743012773,2024,0,"Sun","Feb","Feb 2024",8,4
2024-02-26,208.292621589561,32.6073546856465,2024,1,"Mon","Feb","Feb 2024",9,5
2024-02-27,207.67335515393,32.7380105308097,2024,2,"Tue","Feb","Feb 2024",9,5
2024-02-28,207.833258224425,32.8312895804179,2024,3,"Wed","Feb","Feb 2024",9,5
2024-02-29,208.970881843834,32.7223579067176,2024,4,"Thu","Feb","Feb 2024",9,5
2024-03-01,229.421504810224,32.5850763413583,2024,5,"Fri","Mar","Mar 2024",9,1
2024-03-02,230.033867068763,32.6176970393241,2024,6,"Sat","Mar","Mar 2024",9,1
2024-03-03,212.012007513612,31.5048624485817,2024,0,"Sun","Mar","Mar 2024",9,1
2024-03-04,209.74314084139,31.596075729862,2024,1,"Mon","Mar","Mar 2024",10,2
2024-03-05,209.490356294537,31.6294536817102,2024,2,"Tue","Mar","Mar 2024",10,2
2024-03-06,209.913279004015,31.583073962318,2024,3,"Wed","Mar","Mar 2024",10,2
2024-03-07,212.488841834793,31.392748382185,2024,4,"Thu","Mar","Mar 2024",10,2
2024-03-08,232.719853399128,31.0520768456858,2024,5,"Fri","Mar","Mar 2024",10,2
2024-03-09,233.240737190241,30.9063893016345,2024,6,"Sat","Mar","Mar 2024",10,2
2024-03-10,215.843795377181,31.1266633340475,2024,0,"Sun","Mar","Mar 2024",10,2
2024-03-11,212.940878498894,31.2587695307855,2024,1,"Mon","Mar","Mar 2024",11,3
2024-03-12,205.559980060405,26.4727443333431,2024,2,"Tue","Mar","Mar 2024",11,3
2024-03-13,211.44438836377,31.3618427090025,2024,3,"Wed","Mar","Mar 2024",11,3
2024-03-14,220.166358680588,30.7678092950199,2024,4,"Thu","Mar","Mar 2024",11,3
2024-03-15,237.500279485746,30.5897149245388,2024,5,"Fri","Mar","Mar 2024",11,3
2024-03-16,238.688280231042,30.5477920626048,2024,6,"Sat","Mar","Mar 2024",11,3
2024-03-17,220.840532175359,30.8726382408648,2024,0,"Sun","Mar","Mar 2024",11,3
2024-03-18,210.621025546774,31.4602095203088,2024,1,"Mon","Mar","Mar 2024",12,4
2024-03-19,210.337162286344,31.4831832383753,2024,2,"Tue","Mar","Mar 2024",12,4
2024-03-20,211.466565559079,31.3525437749897,2024,3,"Wed","Mar","Mar 2024",12,4
2024-03-21,220.720138568129,30.8036951501155,2024,4,"Thu","Mar","Mar 2024",12,4
2024-03-22,238.420160238495,30.5477920626048,2024,5,"Fri","Mar","Mar 2024",12,4
2024-03-23,238.70365535248,30.5016784781798,2024,6,"Sat","Mar","Mar 2024",12,4
2024-03-24,221.18102372035,30.8087113330559,2024,0,"Sun","Mar","Mar 2024",12,4
2024-03-25,212.301153863835,31.453132901209,2024,1,"Mon","Mar","Mar 2024",13,5
2024-03-26,211.885919315516,31.5515893095359,2024,2,"Tue","Mar","Mar 2024",13,5
2024-03-27,213.987251472754,31.3926730486009,2024,3,"Wed","Mar","Mar 2024",13,5
2024-03-28,223.229572704967,30.7995000231471,2024,4,"Thu","Mar","Mar 2024",13,5
2024-03-29,241.030526857089,30.4053106446636,2024,5,"Fri","Mar","Mar 2024",13,5
2024-03-30,241.438976470038,30.4345792206577,2024,6,"Sat","Mar","Mar 2024",13,5
2024-03-31,224.72738652696,30.7663776716584,2024,0,"Sun","Mar","Mar 2024",13,5
2024-04-01,217.865885716921,31.3609740349583,2024,1,"Mon","Apr","Apr 2024",14,1
2024-04-02,211.725014947339,31.7021570160511,2024,2,"Tue","Apr","Apr 2024",14,1
2024-04-03,211.493652837825,31.7082145156839,2024,3,"Wed","Apr","Apr 2024",14,1
2024-04-04,217.084394610557,31.3768918420081,2024,4,"Thu","Apr","Apr 2024",14,1
2024-04-05,234.298730881874,31.1422063130491,2024,5,"Fri","Apr","Apr 2024",14,1
2024-04-06,233.350941641479,31.1973959544292,2024,6,"Sat","Apr","Apr 2024",14,1
2024-04-07,216.348761017027,31.4660144894098,2024,0,"Sun","Apr","Apr 2024",14,1
2024-04-08,209.023302845061,31.769085811463,2024,1,"Mon","Apr","Apr 2024",15,2
2024-04-09,208.442478282851,31.8104518086133,2024,2,"Tue","Apr","Apr 2024",15,2
2024-04-10,209.249034571534,31.7993747701361,2024,3,"Wed","Apr","Apr 2024",15,2
2024-04-11,210.94946661762,31.7408497333088,2024,4,"Thu","Apr","Apr 2024",15,2
2024-04-12,228.769967164593,31.6792304490589,2024,5,"Fri","Apr","Apr 2024",15,2
2024-04-13,229.186748102906,31.6907273736813,2024,6,"Sat","Apr","Apr 2024",15,2
2024-04-14,211.527242631845,31.8911214308704,2024,0,"Sun","Apr","Apr 2024",15,2
2024-04-15,208.149552033081,32.0376751665518,2024,1,"Mon","Apr","Apr 2024",16,3
2024-04-16,207.371382636656,32.0578778135048,2024,2,"Tue","Apr","Apr 2024",16,3
2024-04-17,207.852030503491,32.0837927232635,2024,3,"Wed","Apr","Apr 2024",16,3
2024-04-18,209.928190756225,32.0867407883856,2024,4,"Thu","Apr","Apr 2024",16,3
2024-04-19,227.757556151215,31.9946390609114,2024,5,"Fri","Apr","Apr 2024",16,3
2024-04-20,228.577292899408,32.0035133136095,2024,6,"Sat","Apr","Apr 2024",16,3
2024-04-21,210.275801856447,32.1431853689918,2024,0,"Sun","Apr","Apr 2024",16,3
2024-04-22,205.546160205769,32.1697593239023,2024,1,"Mon","Apr","Apr 2024",17,4
2024-04-23,205.012768107289,32.1912460386718,2024,2,"Tue","Apr","Apr 2024",17,4
2024-04-24,211.111749035458,32.1927246004042,2024,3,"Wed","Apr","Apr 2024",17,4
2024-04-25,214.791325921161,32.1924101810163,2024,4,"Thu","Apr","Apr 2024",17,4
2024-04-26,229.669622240695,32.1788122286875,2024,5,"Fri","Apr","Apr 2024",17,4
2024-04-27,230.058157797487,32.1923503325942,2024,6,"Sat","Apr","Apr 2024",17,4
2024-04-28,210.488102333685,32.3506487552153,2024,0,"Sun","Apr","Apr 2024",17,4
2024-04-29,204.92431045542,32.3833959497847,2024,1,"Mon","Apr","Apr 2024",18,5
2024-04-30,204.763792155425,32.3909457478006,2024,2,"Tue","Apr","Apr 2024",18,5
2024-05-01,203.600540614835,32.5056123150227,2024,3,"Wed","May","May 2024",18,1
2024-05-02,204.932905591201,32.4152153987168,2024,4,"Thu","May","May 2024",18,1
2024-05-03,223.125926949473,32.3154161484962,2024,5,"Fri","May","May 2024",18,1
2024-05-04,223.580145635542,32.3117338003503,2024,6,"Sat","May","May 2024",18,1
2024-05-05,204.661931167224,32.4962192383484,2024,0,"Sun","May","May 2024",18,1
2024-05-06,202.806009802574,32.4675919563923,2024,1,"Mon","May","May 2024",19,2
2024-05-07,202.576080982045,32.470685232686,2024,2,"Tue","May","May 2024",19,2
2024-05-08,202.760294993358,32.4859145252164,2024,3,"Wed","May","May 2024",19,2
2024-05-09,203.642686950147,32.5009164222874,2024,4,"Thu","May","May 2024",19,2
2024-05-10,222.073854224186,32.449843548684,2024,5,"Fri","May","May 2024",19,2
2024-05-11,222.643113607071,32.4111581660836,2024,6,"Sat","May","May 2024",19,2
2024-05-12,203.884840986161,32.5405554028045,2024,0,"Sun","May","May 2024",19,2
2024-05-13,202.039761795694,32.5606962895098,2024,1,"Mon","May","May 2024",20,3
2024-05-14,202.149060925332,32.5469537333944,2024,2,"Tue","May","May 2024",20,3
2024-05-15,202.346266605589,32.5423728813559,2024,3,"Wed","May","May 2024",20,3
2024-05-16,203.413807320537,32.5484447294883,2024,4,"Thu","May","May 2024",20,3
2024-05-17,221.555172096448,32.5050616602246,2024,5,"Fri","May","May 2024",20,3
2024-05-18,222.282071346375,32.4833141542002,2024,6,"Sat","May","May 2024",20,3
2024-05-19,204.071530037117,32.5711405397975,2024,0,"Sun","May","May 2024",20,3
2024-05-20,202.199257935963,32.5683660849251,2024,1,"Mon","May","May 2024",21,4
2024-05-21,202.267555311255,32.5683660849251,2024,2,"Tue","May","May 2024",21,4
2024-05-22,202.457860021986,32.594356907292,2024,3,"Wed","May","May 2024",21,4
2024-05-23,203.39006734778,32.5926604663948,2024,4,"Thu","May","May 2024",21,4
2024-05-24,221.377173613028,32.5466924280063,2024,5,"Fri","May","May 2024",21,4
2024-05-25,221.993004740209,32.5647751852363,2024,6,"Sat","May","May 2024",21,4
2024-05-26,203.095633047702,32.667369289282,2024,0,"Sun","May","May 2024",21,4
2024-05-27,201.516535360938,32.6768046903628,2024,1,"Mon","May","May 2024",22,5
2024-05-28,201.400815279623,32.670727797371,2024,2,"Tue","May","May 2024",22,5
2024-05-29,201.638528832501,32.7073695781615,2024,3,"Wed","May","May 2024",22,5
2024-05-30,202.396042325134,32.7057853511062,2024,4,"Thu","May","May 2024",22,5
2024-05-31,220.75868095479,32.690981005381,2024,5,"Fri","May","May 2024",22,5
2024-06-01,220.910283557356,32.6183023384275,2024,6,"Sat","Jun","Jun 2024",22,1
2024-06-02,202.388168446135,32.6994455391101,2024,0,"Sun","Jun","Jun 2024",22,1
2024-06-03,200.883967017865,32.7027027027027,2024,1,"Mon","Jun","Jun 2024",23,2
2024-06-04,200.876231047593,32.6920434244881,2024,2,"Tue","Jun","Jun 2024",23,2
2024-06-05,201.081497091026,32.7087818956434,2024,3,"Wed","Jun","Jun 2024",23,2
